DELIMITER $$

CREATE PROCEDURE sp_insertARISData()

BEGIN

DELETE FROM arisdb.Object_Occurrence;
DELETE FROM arisdb.Object_Definition;
DELETE FROM arisdb.Model;

INSERT INTO arisdb.Object_Definition (d_guid, type, name, to_delete, leanix_ready)
    VALUES
    ("SYS001", "SYS", "adiComp", FALSE, FALSE),
    ("SYS002", "SYS", "ASPEN", FALSE, FALSE),
    ("SYS003", "SYS", "Captiva", FALSE, FALSE),
    ("SYS004", "SYS", "Concur", FALSE, FALSE),
    ("SYS005", "SYS", "GTS", FALSE, FALSE),
    ("SYS006", "SYS", "Salesforce", FALSE, FALSE),
    ("SYS007", "SYS", "SAP PGR", FALSE, FALSE),
    ("SYS008", "SYS", "SRM", FALSE, FALSE);

INSERT INTO arisdb.Model (m_guid, name, description, group_path, leanix_ready)
    VALUES
    ("MOD001", "Access and Identity Management (AIM)", "End to end One AIM process.", "/Main group/Access and Identity Management (AIM)", FALSE),
    ("MOD002", "Accounts Receivable", "This process describes steps performed by...", "/Main group/Accounts Receivable", FALSE),
    ("MOD003", "Conduct sourcing", "The process ""Conduct Sourcing"" describes...", "/Main group/Non Trade Procurement/Conduct sourcing", FALSE),
    ("MOD004", "Create & Release GWC", "During the ecommerce process there...", "/Main group/eCommerce Accounting/Create & Release GWC", FALSE),
    ("MOD005", "Create manual invoices", "This process describes...", "/Main group/Accounts Receivable/Create manual invoices/Create manual invoices", FALSE),
    ("MOD006", "Create/adjust purchase requisition", "The process...", "/Main group/Non Trade Procurement/Create/adjust purchase requisition", FALSE),
    ("MOD007", "eCommerce Accounting", "This flowchart describes the...", "/Main group/eCommerce Accounting", FALSE),
    ("MOD008", "Execute Month-End Closing Tasks", "This flow-chart...", "/Main group/Retail Accounting/Execute Month-End Closing Tasks", FALSE),
    ("MOD009", "Freight & Customs", "End to end process for freight invoices treatment", "/Main group/Freight & Customs", FALSE),
    ("MOD010", "FSS Porto System Library", "", "/Main group/ General Library/Systems", FALSE),
    ("MOD011", "Maintain asset master data", "Process for asset...", "/Main group/Accounts Payable/Maintain master data/Maintain asset master data", FALSE),
    ("MOD012", "Maintain customer master data", "This process...", "/Main group/Accounts Receivable/Maintain Customer master data", FALSE),
    ("MOD013", "Maintain vendor master data", "This process describes...", "/Main group/Accounts Payable/Maintain master data/Maintain vendor master data", FALSE),
    ("MOD014", "Non Trade Procurement", "The requisition process...", "/Main group/Non Trade Procurement", FALSE),
    ("MOD015", "Perform AP closing", "Closing activities for period...", "/Main group/Accounts Payable/Perform AP closing", FALSE),
    ("MOD016", "Perform Asset Disposal", "The Asset Disposal process...", "/Main group/Accounts Payable/Perform Asset Disposal", FALSE),
    ("MOD017", "Perform Goods-in-Transit Analysis", "The Goods-in-Transit...", "/Main group/Retail Accounting/Perform Goods-in-Transit Analysis", FALSE),
    ("MOD018", "Perform Retail Inventory Accounting", "This process describes...", "/Main group/Retail Accounting/Perform Retail Inventory Accounting", FALSE),
    ("MOD019", "Perform store-cash tasks", "Resume of the tasks performed...", "/Main group/Retail Accounting/Perform Store-Cash Tasks", FALSE),
    ("MOD020", "Process adicom Claim", "", "/Main group/Accounts Payable/Process regular invoice/Process adicom Claim (moving required)", FALSE),
    ("MOD021", "Process bank transfers", "This process describes...", "/Main group/Accounts Receivable/Process incoming payments/Process bank transfers", FALSE),
    ("MOD022", "Process barter invoice", "Barter invoice specific...", "/Main group/Accounts Payable/Process special invoice/Process barter invoice", FALSE),
    ("MOD023", "Process bill of exchange", "This process describes...", "/Main group/Accounts Receivable/Process incoming payments/Process bill of exchange", FALSE),
    ("MOD024", "Process catalogue purchase order", "The Catalogue...", "/Main group/Non Trade Procurement/Process catalogue purchase order", FALSE),
    ("MOD025", "Process cheques received", "This process describes...", "/Main group/Accounts Receivable/Process incoming payments/Process cheques received", FALSE),
    ("MOD026", "Process credit cards payments", "This process describes...", "/Main group/Accounts Receivable/Process incoming payments/Process credit cards payments", FALSE),
    ("MOD027", "Process direct debits rejected", "For some customers...", "/Main group/Accounts Receivable/Process incoming payments/Process direct debits rejected", FALSE),
    ("MOD028", "Process EDI invoice", "Process EDI invoices received...", "/Main group/Accounts Payable/Process special invoice/Process EDI invoice", FALSE),
    ("MOD029", "Process invoice cancellation (moving required)", "", "/Main group/Accounts Receivable/Create manual invoices/Process invoice cancellation (moving required)", FALSE),
    ("MOD030", "Process Non PO trade invoice", "", "/Main group/Accounts Payable/Process regular invoice/Process Non PO trade invoice (moving required)", FALSE),
    ("MOD031", "Process payment", "", "/Main group/Accounts Payable/Process payment", FALSE),
    ("MOD032", "Process purchase order amendment ", "The Purchase Order...", "/Main group/Non Trade Procurement/Process purchase order amendment ", FALSE),
    ("MOD033", "Receipt Auditing process in Concur", "This process describes...", "/Main group/Travel expenses/Receipt Auditing process in Concur", FALSE),
    ("MOD034", "Receive Goods and Services", "The Receive Goods and...", "/Main group/Non Trade Procurement/Receive Goods  and Services", FALSE),
    ("MOD035", "Review and approve purchase requisition", "The process...", "/Main group/Non Trade Procurement/Review and approve purchase requisition", FALSE),
    ("MOD036", "Review travel expenses in Concur", "This process...", "/Main group/Travel expenses/Review travel expenses in Concur", FALSE),
    ("MOD037", "ShopRealsMart (SRM)", "End to end ShopRealsMart...", "/Main group/ShopRealsMart (SRM)", FALSE),
    ("MOD038", "Travel expenses", "This process describes the ley tasks performed by Expense... ", "/Main group/Travel expenses", FALSE);

INSERT INTO arisdb.Object_Occurrence (d_guid, m_guid)
    VALUES
    ("SYS001", "MOD020"),
    ("SYS001", "MOD020"),
    ("SYS001", "MOD020"),
    ("SYS001", "MOD010"),
    ("SYS002", "MOD001"),
    ("SYS002", "MOD001"),
    ("SYS002", "MOD001"),
    ("SYS002", "MOD001"),
    ("SYS002", "MOD002"),
    ("SYS002", "MOD002"),
    ("SYS002", "MOD005"),
    ("SYS002", "MOD005"),
    ("SYS002", "MOD005"),
    ("SYS002", "MOD009"),
    ("SYS002", "MOD009"),
    ("SYS002", "MOD010"),
    ("SYS002", "MOD011"),
    ("SYS002", "MOD011"),
    ("SYS002", "MOD011"),
    ("SYS002", "MOD011"),
    ("SYS002", "MOD012"),
    ("SYS002", "MOD012"),
    ("SYS002", "MOD013"),
    ("SYS002", "MOD013"),
    ("SYS002", "MOD013"),
    ("SYS002", "MOD013"),
    ("SYS002", "MOD013"),
    ("SYS002", "MOD015"),
    ("SYS002", "MOD016"),
    ("SYS002", "MOD017"),
    ("SYS002", "MOD018"),
    ("SYS002", "MOD019"),
    ("SYS002", "MOD019"),
    ("SYS002", "MOD021"),
    ("SYS002", "MOD022"),
    ("SYS002", "MOD022"),
    ("SYS002", "MOD022"),
    ("SYS002", "MOD022"),
    ("SYS002", "MOD022"),
    ("SYS002", "MOD023"),
    ("SYS002", "MOD025"),
    ("SYS002", "MOD025"),
    ("SYS002", "MOD025"),
    ("SYS002", "MOD026"),
    ("SYS002", "MOD027"),
    ("SYS002", "MOD028"),
    ("SYS002", "MOD029"),
    ("SYS002", "MOD031"),
    ("SYS002", "MOD031"),
    ("SYS002", "MOD031"),
    ("SYS002", "MOD031"),
    ("SYS002", "MOD037"),
    ("SYS003", "MOD010"),
    ("SYS003", "MOD030"),
    ("SYS004", "MOD010"),
    ("SYS004", "MOD033"),
    ("SYS004", "MOD033"),
    ("SYS004", "MOD033"),
    ("SYS004", "MOD033"),
    ("SYS004", "MOD036"),
    ("SYS004", "MOD036"),
    ("SYS004", "MOD036"),
    ("SYS004", "MOD036"),
    ("SYS004", "MOD036"),
    ("SYS004", "MOD036"),
    ("SYS004", "MOD036"),
    ("SYS004", "MOD036"),
    ("SYS004", "MOD036"),
    ("SYS004", "MOD038"),
    ("SYS004", "MOD038"),
    ("SYS004", "MOD038"),
    ("SYS004", "MOD038"),
    ("SYS004", "MOD038"),
    ("SYS005", "MOD010"),
    ("SYS005", "MOD029"),
    ("SYS005", "MOD029"),
    ("SYS006", "MOD010"),
    ("SYS006", "MOD004"),
    ("SYS006", "MOD004"),
    ("SYS006", "MOD004"),
    ("SYS006", "MOD004"),
    ("SYS006", "MOD004"),
    ("SYS006", "MOD007"),
    ("SYS007", "MOD010"),
    ("SYS007", "MOD008"),
    ("SYS007", "MOD008"),
    ("SYS007", "MOD008"),
    ("SYS007", "MOD008"),
    ("SYS007", "MOD008"),
    ("SYS007", "MOD008"),
    ("SYS007", "MOD008"),
    ("SYS007", "MOD008"),
    ("SYS007", "MOD008"),
    ("SYS007", "MOD008"),
    ("SYS007", "MOD017"),
    ("SYS007", "MOD017"),
    ("SYS007", "MOD017"),
    ("SYS007", "MOD017"),
    ("SYS007", "MOD017"),
    ("SYS007", "MOD018"),
    ("SYS007", "MOD018"),
    ("SYS007", "MOD018"),
    ("SYS007", "MOD018"),
    ("SYS007", "MOD018"),
    ("SYS007", "MOD018"),
    ("SYS007", "MOD019"),
    ("SYS007", "MOD019"),
    ("SYS007", "MOD019"),
    ("SYS007", "MOD019"),
    ("SYS007", "MOD019"),
    ("SYS007", "MOD019"),
    ("SYS008", "MOD010"),
    ("SYS008", "MOD003"),
    ("SYS008", "MOD003"),
    ("SYS008", "MOD006"),
    ("SYS008", "MOD006"),
    ("SYS008", "MOD006"),
    ("SYS008", "MOD011"),
    ("SYS008", "MOD011"),
    ("SYS008", "MOD011"),
    ("SYS008", "MOD011"),
    ("SYS008", "MOD014"),
    ("SYS008", "MOD014"),
    ("SYS008", "MOD014"),
    ("SYS008", "MOD024"),
    ("SYS008", "MOD024"),
    ("SYS008", "MOD024"),
    ("SYS008", "MOD024"),
    ("SYS008", "MOD032"),
    ("SYS008", "MOD032"),
    ("SYS008", "MOD034"),
    ("SYS008", "MOD034"),
    ("SYS008", "MOD034"),
    ("SYS008", "MOD034"),
    ("SYS008", "MOD035"),
    ("SYS008", "MOD035"),
    ("SYS008", "MOD035"),
    ("SYS008", "MOD037"),
    ("SYS008", "MOD037"),
    ("SYS008", "MOD037"),
    ("SYS008", "MOD037");

END$$